<?xml version="1.0"?>
<Runs Version="1" Minor="0">
	<Run Id="xadc_wiz_0_synth_1" LaunchDir="C:/Users/Yassi/Downloads/Lab7_ENEL453/Lab7_ENEL453.runs/xadc_wiz_0_synth_1" FlowId="Vivado_Synthesis" FromStepId="vivado" ToStepId="vivado"/>
	<Parameters>
		<Parameter Name="runs.monitorLSFJobs" Val="true" Type="bool"/>
		<Parameter Name="runs.enableClusterConf" Val="true" Type="bool"/>
		<Parameter Name="general.shortenLongPath" Val="true" Type="bool"/>
		<Parameter Name="general.usePosixSpawnForFork" Val="true" Type="bool"/>
	</Parameters>
	<ProductInfo Name="vivado"/>
</Runs>

