<?xml version="1.0" encoding="UTF-8"?>
<GenRun Id="impl_1" LaunchPart="xc7a35tcpg236-1" LaunchTime="1764928886">
  <File Type="PA-TCL" Name="lab_7_top_level.tcl"/>
  <File Type="REPORTS-TCL" Name="lab_7_top_level_reports.tcl"/>
  <File Type="INIT-TIMING" Name="lab_7_top_level_timing_summary_init.rpt"/>
  <File Type="OPT-DCP" Name="lab_7_top_level_opt.dcp"/>
  <File Type="OPT-DRC" Name="lab_7_top_level_drc_opted.rpt"/>
  <File Type="OPT-UTIL" Name="lab_7_top_level_utilization_opted.rpt"/>
  <File Type="OPT-UTIL-PB" Name="lab_7_top_level_utilization_opted.pb"/>
  <File Type="OPT-METHODOLOGY-DRC" Name="lab_7_top_level_methodology_drc_opted.rpt"/>
  <File Type="OPT-HWDEF" Name="lab_7_top_level.hwdef"/>
  <File Type="OPT-TIMING" Name="lab_7_top_level_timing_summary_opted.rpt"/>
  <File Type="OPT-RQA-PB" Name="lab_7_top_level_rqa_opted.pb"/>
  <File Type="PWROPT-DCP" Name="lab_7_top_level_pwropt.dcp"/>
  <File Type="PWROPT-DRC" Name="lab_7_top_level_drc_pwropted.rpt"/>
  <File Type="PWROPT-TIMING" Name="lab_7_top_level_timing_summary_pwropted.rpt"/>
  <File Type="PLACE-DCP" Name="lab_7_top_level_placed.dcp"/>
  <File Type="PLACE-IO" Name="lab_7_top_level_io_placed.rpt"/>
  <File Type="PLACE-CLK" Name="lab_7_top_level_clock_utilization_placed.rpt"/>
  <File Type="PLACE-UTIL" Name="lab_7_top_level_utilization_placed.rpt"/>
  <File Type="PLACE-UTIL-PB" Name="lab_7_top_level_utilization_placed.pb"/>
  <File Type="PLACE-CTRL" Name="lab_7_top_level_control_sets_placed.rpt"/>
  <File Type="PLACE-SIMILARITY" Name="lab_7_top_level_incremental_reuse_placed.rpt"/>
  <File Type="PLACE-PRE-SIMILARITY" Name="lab_7_top_level_incremental_reuse_pre_placed.rpt"/>
  <File Type="PLACE-TIMING" Name="lab_7_top_level_timing_summary_placed.rpt"/>
  <File Type="PLACE-RQA-PB" Name="lab_7_top_level_rqa_placed.pb"/>
  <File Type="POSTPLACE-PWROPT-DCP" Name="lab_7_top_level_postplace_pwropt.dcp"/>
  <File Type="POSTPLACE-PWROPT-TIMING" Name="lab_7_top_level_timing_summary_postplace_pwropted.rpt"/>
  <File Type="PHYSOPT-DCP" Name="lab_7_top_level_physopt.dcp"/>
  <File Type="PHYSOPT-DRC" Name="lab_7_top_level_drc_physopted.rpt"/>
  <File Type="PHYSOPT-TIMING" Name="lab_7_top_level_timing_summary_physopted.rpt"/>
  <File Type="ROUTE-ERROR-DCP" Name="lab_7_top_level_routed_error.dcp"/>
  <File Type="ROUTE-DCP" Name="lab_7_top_level_routed.dcp"/>
  <File Type="ROUTE-BLACKBOX-DCP" Name="lab_7_top_level_routed_bb.dcp"/>
  <File Type="ROUTE-UTIL" Name="lab_7_top_level_utilization_routed.rpt"/>
  <File Type="ROUTE-UTIL-PB" Name="lab_7_top_level_utilization_routed.pb"/>
  <File Type="ROUTE-DRC" Name="lab_7_top_level_drc_routed.rpt"/>
  <File Type="ROUTE-DRC-PB" Name="lab_7_top_level_drc_routed.pb"/>
  <File Type="ROUTE-DRC-RPX" Name="lab_7_top_level_drc_routed.rpx"/>
  <File Type="ROUTE-METHODOLOGY-DRC" Name="lab_7_top_level_methodology_drc_routed.rpt"/>
  <File Type="ROUTE-METHODOLOGY-DRC-RPX" Name="lab_7_top_level_methodology_drc_routed.rpx"/>
  <File Type="ROUTE-METHODOLOGY-DRC-PB" Name="lab_7_top_level_methodology_drc_routed.pb"/>
  <File Type="ROUTE-PWR" Name="lab_7_top_level_power_routed.rpt"/>
  <File Type="ROUTE-PWR-SUM" Name="lab_7_top_level_power_summary_routed.pb"/>
  <File Type="ROUTE-PWR-RPX" Name="lab_7_top_level_power_routed.rpx"/>
  <File Type="ROUTE-STATUS" Name="lab_7_top_level_route_status.rpt"/>
  <File Type="ROUTE-STATUS-PB" Name="lab_7_top_level_route_status.pb"/>
  <File Type="ROUTE-TIMINGSUMMARY" Name="lab_7_top_level_timing_summary_routed.rpt"/>
  <File Type="ROUTE-TIMING-PB" Name="lab_7_top_level_timing_summary_routed.pb"/>
  <File Type="ROUTE-TIMING-RPX" Name="lab_7_top_level_timing_summary_routed.rpx"/>
  <File Type="ROUTE-SIMILARITY" Name="lab_7_top_level_incremental_reuse_routed.rpt"/>
  <File Type="ROUTE-CLK" Name="lab_7_top_level_clock_utilization_routed.rpt"/>
  <File Type="ROUTE-BUS-SKEW" Name="lab_7_top_level_bus_skew_routed.rpt"/>
  <File Type="ROUTE-BUS-SKEW-PB" Name="lab_7_top_level_bus_skew_routed.pb"/>
  <File Type="ROUTE-BUS-SKEW-RPX" Name="lab_7_top_level_bus_skew_routed.rpx"/>
  <File Type="ROUTE-RQS-PB" Name="lab_7_top_level_rqs_routed.pb"/>
  <File Type="POSTROUTE-PHYSOPT-DCP" Name="lab_7_top_level_postroute_physopt.dcp"/>
  <File Type="POSTROUTE-PHYSOPT-BLACKBOX-DCP" Name="lab_7_top_level_postroute_physopt_bb.dcp"/>
  <File Type="POSTROUTE-PHYSOPT-TIMING" Name="lab_7_top_level_timing_summary_postroute_physopted.rpt"/>
  <File Type="POSTROUTE-PHYSOPT-TIMING-PB" Name="lab_7_top_level_timing_summary_postroute_physopted.pb"/>
  <File Type="POSTROUTE-PHYSOPT-TIMING-RPX" Name="lab_7_top_level_timing_summary_postroute_physopted.rpx"/>
  <File Type="POSTROUTE-PHYSOPT-BUS-SKEW" Name="lab_7_top_level_bus_skew_postroute_physopted.rpt"/>
  <File Type="POSTROUTE-PHYSOPT-BUS-SKEW-PB" Name="lab_7_top_level_bus_skew_postroute_physopted.pb"/>
  <File Type="POSTROUTE-PHYSOPT-BUS-SKEW-RPX" Name="lab_7_top_level_bus_skew_postroute_physopted.rpx"/>
  <File Type="BG-BIT" Name="lab_7_top_level.bit"/>
  <File Type="BG-BIN" Name="lab_7_top_level.bin"/>
  <File Type="BITSTR-MSK" Name="lab_7_top_level.msk"/>
  <File Type="BITSTR-RBT" Name="lab_7_top_level.rbt"/>
  <File Type="BITSTR-NKY" Name="lab_7_top_level.nky"/>
  <File Type="BITSTR-BMM" Name="lab_7_top_level_bd.bmm"/>
  <File Type="BITSTR-MMI" Name="lab_7_top_level.mmi"/>
  <File Type="PDI-FILE" Name="lab_7_top_level.pdi"/>
  <File Type="BOOT-PDI-FILE" Name="lab_7_top_level_boot.pdi"/>
  <File Type="PL-PDI-FILE" Name="lab_7_top_level_pld.pdi"/>
  <File Type="RCFI_FILE" Name="lab_7_top_level.rcfi"/>
  <File Type="CFI_FILE" Name="lab_7_top_level.cfi"/>
  <File Type="RNPI_FILE" Name="lab_7_top_level.rnpi"/>
  <File Type="RCDO-FILE" Name="lab_7_top_level.rcdo"/>
  <File Type="MARKER-RNPI-FILE" Name="lab_7_top_level_markers.rnpi"/>
  <File Type="MARKER-RCDO-FILE" Name="lab_7_top_level_markers.rcdo"/>
  <File Type="BOOT_RNPI_FILE" Name="lab_7_top_level_boot.rnpi"/>
  <File Type="BOOT_MARKER_RNPI_FILE" Name="lab_7_top_level_boot_markers.rnpi"/>
  <File Type="PL_RNPI_FILE" Name="lab_7_top_level_pld.rnpi"/>
  <File Type="PL_MARKER_RNPI_FILE" Name="lab_7_top_level_pld_markers.rnpi"/>
  <File Type="PL_MASK_RNPI_FILE" Name="lab_7_top_level_pld_mask.rnpi"/>
  <File Type="PL_SHUTDOWN_RNPI_FILE" Name="lab_7_top_level_pld_shutdown.rnpi"/>
  <File Type="PL_UNMASK_RNPI_FILE" Name="lab_7_top_level_pld_unmask.rnpi"/>
  <File Type="PL-RCDO-FILE" Name="lab_7_top_level_pld.rcdo"/>
  <File Type="PL-CLEAR-RCDO-FILE" Name="lab_7_top_level_pld_clear.rcdo"/>
  <File Type="PL_MARKER_RCDO_FILE" Name="lab_7_top_level_pld_markers.rcdo"/>
  <File Type="PL_MASK_RCDO_FILE" Name="lab_7_top_level_pld_mask.rcdo"/>
  <File Type="PL_UNMASK_MARKER_RCDO_FILE" Name="lab_7_top_level_pld_unmask_markers.rcdo"/>
  <File Type="PL_UNMASK_RCDO_FILE" Name="lab_7_top_level_pld_unmask.rcdo"/>
  <File Type="NPI_FILE" Name="lab_7_top_level.npi"/>
  <File Type="RBD_FILE" Name="lab_7_top_level.rbd"/>
  <File Type="MMI-FILE" Name="lab_7_top_level.mmi"/>
  <File Type="BIF-FILE" Name="lab_7_top_level.bif"/>
  <File Type="BOOT-BIF-FILE" Name="lab_7_top_level_boot.bif"/>
  <File Type="PL-BIF-FILE" Name="lab_7_top_level_pld.bif"/>
  <File Type="LTX-FILE" Name="lab_7_top_level.ltx"/>
  <File Type="BOOT-LTX-FILE" Name="lab_7_top_level_boot.ltx"/>
  <File Type="PL-LTX-FILE" Name="lab_7_top_level_pld.ltx"/>
  <File Type="BITSTR-LTX" Name="debug_nets.ltx"/>
  <File Type="BITSTR-LTX" Name="lab_7_top_level.ltx"/>
  <File Type="BITSTR-SYSDEF" Name="lab_7_top_level.sysdef"/>
  <File Type="BG-BGN" Name="lab_7_top_level.bgn"/>
  <File Type="BG-DRC" Name="lab_7_top_level.drc"/>
  <File Type="RDI-RDI" Name="lab_7_top_level.vdi"/>
  <File Type="WBT-USG" Name="usage_statistics_webtalk.html"/>
  <File Type="ROUTE-RQS" Name="lab_7_top_level_routed.rqs"/>
  <File Type="POSTROUTE-PHYSOPT-RQS" Name="lab_7_top_level_postroute_physopted.rqs"/>
  <File Type="ROUTE-RQS-RPT" Name="route_report_qor_suggestions_0.rpt"/>
  <File Type="POSTROUTE-PHYSOPT-RQS-RPT" Name="postroute_physopt_report_qor_suggestions_0.rpt"/>
  <FileSet Name="sources" Type="DesignSrcs" RelSrcDir="$PSRCDIR/sources_1" RelGenDir="$PGENDIR/sources_1">
    <Filter Type="Srcs"/>
    <File Path="$PSRCDIR/sources_1/new/adc_display_mux.sv">
      <FileInfo>
        <Attr Name="UsedIn" Val="synthesis"/>
        <Attr Name="UsedIn" Val="implementation"/>
        <Attr Name="UsedIn" Val="simulation"/>
      </FileInfo>
    </File>
    <File Path="$PPRDIR/../averager_simple.sv">
      <FileInfo>
        <Attr Name="UsedIn" Val="synthesis"/>
        <Attr Name="UsedIn" Val="implementation"/>
        <Attr Name="UsedIn" Val="simulation"/>
      </FileInfo>
    </File>
    <File Path="$PPRDIR/../bin_to_bcd.sv">
      <FileInfo>
        <Attr Name="UsedIn" Val="synthesis"/>
        <Attr Name="UsedIn" Val="implementation"/>
        <Attr Name="UsedIn" Val="simulation"/>
      </FileInfo>
    </File>
    <File Path="$PSRCDIR/sources_1/new/debug_led_driver.sv">
      <FileInfo>
        <Attr Name="UsedIn" Val="synthesis"/>
        <Attr Name="UsedIn" Val="implementation"/>
        <Attr Name="UsedIn" Val="simulation"/>
      </FileInfo>
    </File>
    <File Path="$PPRDIR/../digit_multiplexor.sv">
      <FileInfo>
        <Attr Name="UsedIn" Val="synthesis"/>
        <Attr Name="UsedIn" Val="implementation"/>
        <Attr Name="UsedIn" Val="simulation"/>
      </FileInfo>
    </File>
    <File Path="$PPRDIR/../downcounter.sv">
      <FileInfo>
        <Attr Name="UsedIn" Val="synthesis"/>
        <Attr Name="UsedIn" Val="implementation"/>
        <Attr Name="UsedIn" Val="simulation"/>
      </FileInfo>
    </File>
    <File Path="$PPRDIR/../mux4_16_bits.sv">
      <FileInfo>
        <Attr Name="UsedIn" Val="synthesis"/>
        <Attr Name="UsedIn" Val="implementation"/>
        <Attr Name="UsedIn" Val="simulation"/>
      </FileInfo>
    </File>
    <File Path="$PPRDIR/../pwm.sv">
      <FileInfo>
        <Attr Name="UsedIn" Val="synthesis"/>
        <Attr Name="UsedIn" Val="implementation"/>
        <Attr Name="UsedIn" Val="simulation"/>
      </FileInfo>
    </File>
    <File Path="$PSRCDIR/sources_1/new/pwm_adc_subsystem.sv">
      <FileInfo>
        <Attr Name="UsedIn" Val="synthesis"/>
        <Attr Name="UsedIn" Val="implementation"/>
        <Attr Name="UsedIn" Val="simulation"/>
      </FileInfo>
    </File>
    <File Path="$PSRCDIR/sources_1/new/pwm_ramp_adc.sv">
      <FileInfo>
        <Attr Name="UsedIn" Val="synthesis"/>
        <Attr Name="UsedIn" Val="implementation"/>
        <Attr Name="UsedIn" Val="simulation"/>
      </FileInfo>
    </File>
    <File Path="$PSRCDIR/sources_1/new/pwm_sar_adc.sv">
      <FileInfo>
        <Attr Name="UsedIn" Val="synthesis"/>
        <Attr Name="UsedIn" Val="implementation"/>
        <Attr Name="UsedIn" Val="simulation"/>
      </FileInfo>
    </File>
    <File Path="$PSRCDIR/sources_1/new/r2r_adc_subsystem.sv">
      <FileInfo>
        <Attr Name="UsedIn" Val="synthesis"/>
        <Attr Name="UsedIn" Val="implementation"/>
        <Attr Name="UsedIn" Val="simulation"/>
      </FileInfo>
    </File>
    <File Path="$PSRCDIR/sources_1/new/r2r_ramp_adc.sv">
      <FileInfo>
        <Attr Name="UsedIn" Val="synthesis"/>
        <Attr Name="UsedIn" Val="implementation"/>
        <Attr Name="UsedIn" Val="simulation"/>
      </FileInfo>
    </File>
    <File Path="$PSRCDIR/sources_1/new/r2r_sar_adc.sv">
      <FileInfo>
        <Attr Name="UsedIn" Val="synthesis"/>
        <Attr Name="UsedIn" Val="implementation"/>
        <Attr Name="UsedIn" Val="simulation"/>
      </FileInfo>
    </File>
    <File Path="$PSRCDIR/sources_1/new/sar_core.sv">
      <FileInfo>
        <Attr Name="UsedIn" Val="synthesis"/>
        <Attr Name="UsedIn" Val="implementation"/>
        <Attr Name="UsedIn" Val="simulation"/>
      </FileInfo>
    </File>
    <File Path="$PPRDIR/../seven_segment_decoder.sv">
      <FileInfo>
        <Attr Name="UsedIn" Val="synthesis"/>
        <Attr Name="UsedIn" Val="implementation"/>
        <Attr Name="UsedIn" Val="simulation"/>
      </FileInfo>
    </File>
    <File Path="$PPRDIR/../seven_segment_digit_selector.sv">
      <FileInfo>
        <Attr Name="UsedIn" Val="synthesis"/>
        <Attr Name="UsedIn" Val="implementation"/>
        <Attr Name="UsedIn" Val="simulation"/>
      </FileInfo>
    </File>
    <File Path="$PPRDIR/../seven_segment_display_subsystem.sv">
      <FileInfo>
        <Attr Name="UsedIn" Val="synthesis"/>
        <Attr Name="UsedIn" Val="implementation"/>
        <Attr Name="UsedIn" Val="simulation"/>
      </FileInfo>
    </File>
    <File Path="$PSRCDIR/sources_1/new/voltage_processing.sv">
      <FileInfo>
        <Attr Name="UsedIn" Val="synthesis"/>
        <Attr Name="UsedIn" Val="implementation"/>
        <Attr Name="UsedIn" Val="simulation"/>
      </FileInfo>
    </File>
    <File Path="$PSRCDIR/sources_1/new/xadc_subsystem.sv">
      <FileInfo>
        <Attr Name="UsedIn" Val="synthesis"/>
        <Attr Name="UsedIn" Val="implementation"/>
        <Attr Name="UsedIn" Val="simulation"/>
      </FileInfo>
    </File>
    <File Path="$PSRCDIR/sources_1/new/toplevel_lab7.sv">
      <FileInfo>
        <Attr Name="UsedIn" Val="synthesis"/>
        <Attr Name="UsedIn" Val="implementation"/>
        <Attr Name="UsedIn" Val="simulation"/>
      </FileInfo>
    </File>
    <Config>
      <Option Name="DesignMode" Val="RTL"/>
      <Option Name="TopModule" Val="lab_7_top_level"/>
    </Config>
  </FileSet>
  <FileSet Name="constrs_in" Type="Constrs" RelSrcDir="$PSRCDIR/constrs_1" RelGenDir="$PGENDIR/constrs_1">
    <Filter Type="Constrs"/>
    <File Path="$PSRCDIR/constrs_1/new/Lab_7_constraint.xdc">
      <FileInfo>
        <Attr Name="UsedIn" Val="synthesis"/>
        <Attr Name="UsedIn" Val="implementation"/>
      </FileInfo>
    </File>
    <Config>
      <Option Name="ConstrsType" Val="XDC"/>
    </Config>
  </FileSet>
  <FileSet Name="utils" Type="Utils" RelSrcDir="$PSRCDIR/utils_1" RelGenDir="$PGENDIR/utils_1">
    <Filter Type="Utils"/>
    <File Path="$PSRCDIR/utils_1/imports/synth_1/lab_7_top_level.dcp">
      <FileInfo>
        <Attr Name="UsedIn" Val="synthesis"/>
        <Attr Name="UsedIn" Val="implementation"/>
        <Attr Name="UsedInSteps" Val="synth_1"/>
        <Attr Name="AutoDcp" Val="1"/>
      </FileInfo>
    </File>
    <Config>
      <Option Name="TopAutoSet" Val="TRUE"/>
    </Config>
  </FileSet>
  <Strategy Version="1" Minor="2">
    <StratHandle Name="Vivado Implementation Defaults" Flow="Vivado Implementation 2025"/>
    <Step Id="init_design"/>
    <Step Id="opt_design"/>
    <Step Id="power_opt_design"/>
    <Step Id="place_design"/>
    <Step Id="post_place_power_opt_design"/>
    <Step Id="phys_opt_design"/>
    <Step Id="route_design"/>
    <Step Id="post_route_phys_opt_design"/>
    <Step Id="write_bitstream"/>
  </Strategy>
  <BlockFileSet Type="BlockSrcs" Name="xadc_wiz_0"/>
  <BlockFileSet Type="BlockSrcs" Name="clk_wiz_0"/>
</GenRun>
